"Game Date","DOW","Home Team","Score","Away Team","Score",".","Att."
09/29/07,"Sat.","Los Angeles",4,"Anaheim",1,,17551
09/30/07,"Sun.","Anaheim",4,"Los Angeles",1,,17300
10/03/07,"Wed.","Colorado",4,"Dallas",3,,17487
10/03/07,"Wed.","Toronto",3,"Ottawa",4,"OT",19476
10/03/07,"Wed.","Detroit",3,"Anaheim",2,"SO",17610
10/03/07,"Wed.","Carolina",2,"Montreal",3,"OT",18680
10/04/07,"Thu.","Phoenix",3,"St. Louis",2,,17799
10/04/07,"Thu.","Edmonton",3,"San Jose",2,"SO",16839
10/04/07,"Thu.","Calgary",2,"Philadelphia",3,,19289
10/04/07,"Thu.","Minnesota",1,"Chicago",0,,18568
10/04/07,"Thu.","Nashville",4,"Colorado",0,,16363
10/04/07,"Thu.","Tampa Bay",3,"New Jersey",1,,19454
10/04/07,"Thu.","Ottawa",3,"Toronto",2,,19857
10/04/07,"Thu.","NY Rangers",5,"Florida",2,,18200
10/05/07,"Fri.","Vancouver",1,"San Jose",3,,18630
10/05/07,"Fri.","Dallas",4,"Boston",1,,18532
10/05/07,"Fri.","Atlanta",1,"Washington",3,,18707
10/05/07,"Fri.","Buffalo",4,"NY Islanders",6,,18690
10/05/07,"Fri.","Columbus",4,"Anaheim",0,,17852
10/05/07,"Fri.","Carolina",4,"Pittsburgh",1,,17816
10/06/07,"Sat.","Los Angeles",3,"St. Louis",5,,18118
10/06/07,"Sat.","Phoenix",1,"Boston",3,,14087
10/06/07,"Sat.","Calgary",3,"Vancouver",4,"OT",19289
10/06/07,"Sat.","Chicago",4,"Detroit",3,"SO",18768
10/06/07,"Sat.","Minnesota",3,"Columbus",2,,18568
10/06/07,"Sat.","Nashville",5,"Dallas",1,,13079
10/06/07,"Sat.","Tampa Bay",5,"Atlanta",2,,19220
10/06/07,"Sat.","Pittsburgh",5,"Anaheim",4,,17132
10/06/07,"Sat.","Florida",1,"New Jersey",4,,19250
10/06/07,"Sat.","Washington",2,"Carolina",0,,16741
10/06/07,"Sat.","NY Islanders",3,"Buffalo",2,,16234
10/06/07,"Sat.","Ottawa",2,"NY Rangers",0,,19336
10/06/07,"Sat.","Toronto",4,"Montreal",3,"OT",19415
10/06/07,"Sat.","Edmonton",5,"Philadelphia",3,,16839
10/07/07,"Sun.","Colorado",6,"San Jose",2,,15876
10/08/07,"Mon.","Detroit",4,"Edmonton",2,,16913
10/08/07,"Mon.","Ottawa",4,"New Jersey",2,,18260
10/08/07,"Mon.","NY Islanders",1,"Washington",2,,16234
10/09/07,"Tue.","Toronto",1,"Carolina",7,,19224
10/10/07,"Wed.","Anaheim",2,"Boston",1,,17285
10/10/07,"Wed.","Vancouver",2,"Philadelphia",8,,18630
10/10/07,"Wed.","Dallas",5,"Los Angeles",1,,16129
10/10/07,"Wed.","St. Louis",4,"Nashville",1,,19150
10/10/07,"Wed.","Chicago",1,"San Jose",2,,10122
10/10/07,"Wed.","Minnesota",2,"Edmonton",0,,18568
10/10/07,"Wed.","Detroit",4,"Calgary",2,,16629
10/10/07,"Wed.","Tampa Bay",2,"Florida",1,,18540
10/10/07,"Wed.","Pittsburgh",2,"Montreal",3,,17006
10/10/07,"Wed.","Columbus",3,"Phoenix",0,,11944
10/10/07,"Wed.","Atlanta",1,"Ottawa",3,,12751
10/10/07,"Wed.","NY Islanders",2,"NY Rangers",1,,15295
10/11/07,"Thu.","Nashville",3,"Phoenix",6,,12155
10/11/07,"Thu.","Florida",3,"New Jersey",0,,10847
10/11/07,"Thu.","Ottawa",3,"Carolina",5,,18268
10/11/07,"Thu.","Toronto",8,"NY Islanders",1,,19319
10/11/07,"Thu.","Buffalo",6,"Atlanta",0,,18690
10/12/07,"Fri.","Los Angeles",6,"Boston",8,,17064
10/12/07,"Fri.","Edmonton",2,"Vancouver",5,,16839
10/12/07,"Fri.","Dallas",2,"Calgary",3,"OT",17132
10/12/07,"Fri.","St. Louis",4,"Colorado",1,,19150
10/12/07,"Fri.","Detroit",2,"Chicago",3,,17696
10/12/07,"Fri.","NY Rangers",3,"Washington",1,,18200
10/13/07,"Sat.","San Jose",1,"Boston",2,,17496
10/13/07,"Sat.","Phoenix",2,"Minnesota",3,,12088
10/13/07,"Sat.","Vancouver",4,"Edmonton",1,,18630
10/13/07,"Sat.","Colorado",5,"Columbus",1,,16153
10/13/07,"Sat.","Chicago",2,"Dallas",1,"OT",11868
10/13/07,"Sat.","Nashville",4,"Calgary",7,,13152
10/13/07,"Sat.","Florida",6,"Tampa Bay",4,,15801
10/13/07,"Sat.","Atlanta",5,"New Jersey",6,,15606
10/13/07,"Sat.","Philadelphia",3,"NY Islanders",1,,19714
10/13/07,"Sat.","NY Rangers",1,"Ottawa",3,,18200
10/13/07,"Sat.","Montreal",1,"Carolina",3,,21273
10/13/07,"Sat.","Toronto",4,"Pittsburgh",6,,19479
10/13/07,"Sat.","Buffalo",7,"Washington",3,,18690
10/14/07,"Sun.","Los Angeles",1,"Detroit",4,,17215
10/14/07,"Sun.","Anaheim",0,"Minnesota",2,,17174
10/15/07,"Mon.","Anaheim",6,"Detroit",3,,17174
10/15/07,"Mon.","Vancouver",2,"San Jose",4,,18630
10/15/07,"Mon.","Buffalo",5,"Toronto",4,"OT",18217
10/16/07,"Tue.","Los Angeles",4,"Minnesota",3,"SO",14239
10/16/07,"Tue.","Colorado",5,"Calgary",4,"SO",16722
10/16/07,"Tue.","Montreal",1,"Florida",2,"SO",21273
10/16/07,"Tue.","Philadelphia",4,"Atlanta",0,,18933
10/17/07,"Wed.","Anaheim",3,"Nashville",1,,17174
10/17/07,"Wed.","Chicago",1,"St. Louis",3,,10002
10/17/07,"Wed.","Pittsburgh",4,"New Jersey",5,,16990
10/17/07,"Wed.","Columbus",2,"Dallas",3,"SO",11820
10/18/07,"Thu.","San Jose",2,"Detroit",4,,17496
10/18/07,"Thu.","Phoenix",2,"Edmonton",4,,10448
10/18/07,"Thu.","Calgary",4,"Los Angeles",3,,19289
10/18/07,"Thu.","Ottawa",4,"Montreal",3,,20019
10/18/07,"Thu.","Toronto",3,"Florida",2,,19349
10/18/07,"Thu.","Atlanta",5,"NY Rangers",3,,14076
10/18/07,"Thu.","Washington",2,"NY Islanders",5,,11036
10/18/07,"Thu.","Philadelphia",4,"New Jersey",0,,19113
10/18/07,"Thu.","Boston",4,"Tampa Bay",1,,16363
10/19/07,"Fri.","Vancouver",2,"Los Angeles",4,,18630
10/19/07,"Fri.","Chicago",5,"Colorado",3,,13519
10/19/07,"Fri.","Pittsburgh",4,"Carolina",3,"SO",17132
10/19/07,"Fri.","Buffalo",0,"Columbus",3,,18690
10/20/07,"Sat.","San Jose",3,"Nashville",0,,17496
10/20/07,"Sat.","Phoenix",2,"Detroit",5,,14154
10/20/07,"Sat.","Calgary",4,"Edmonton",1,,19289
10/20/07,"Sat.","St. Louis",1,"Minnesota",3,,19150
10/20/07,"Sat.","Dallas",3,"Anaheim",1,,18057
10/20/07,"Sat.","Tampa Bay",6,"Atlanta",2,,19420
10/20/07,"Sat.","Washington",1,"Pittsburgh",2,,18277
10/20/07,"Sat.","Philadelphia",3,"Carolina",2,"OT",19615
10/20/07,"Sat.","NY Islanders",4,"New Jersey",3,"OT",14092
10/20/07,"Sat.","Ottawa",4,"Florida",1,,19904
10/20/07,"Sat.","Montreal",4,"Buffalo",2,,21273
10/20/07,"Sat.","Toronto",4,"Chicago",6,,19314
10/20/07,"Sat.","Boston",1,"NY Rangers",0,"SO",15266
10/21/07,"Sun.","Minnesota",3,"Colorado",2,,18568
10/21/07,"Sun.","Columbus",1,"Vancouver",4,,12667
10/22/07,"Mon.","Calgary",1,"San Jose",4,,19289
10/22/07,"Mon.","Montreal",6,"Boston",1,,21273
10/22/07,"Mon.","Carolina",3,"Vancouver",1,,15532
10/23/07,"Tue.","Los Angeles",6,"Nashville",0,,14026
10/23/07,"Tue.","Edmonton",2,"Colorado",4,,16839
10/23/07,"Tue.","St. Louis",4,"Anaheim",2,,14764
10/23/07,"Tue.","Chicago",4,"Columbus",7,,10884
10/23/07,"Tue.","Toronto",4,"Atlanta",5,"SO",19210
10/23/07,"Tue.","Pittsburgh",1,"NY Rangers",0,,17012
10/24/07,"Wed.","Calgary",5,"Minnesota",3,,19289
10/24/07,"Wed.","Detroit",3,"Vancouver",2,,17015
10/24/07,"Wed.","Florida",4,"Philadelphia",3,,12856
10/24/07,"Wed.","Carolina",6,"Buffalo",2,,16058
10/24/07,"Wed.","Washington",5,"Tampa Bay",3,,10226
10/25/07,"Thu.","Los Angeles",2,"Dallas",1,,14559
10/25/07,"Thu.","Anaheim",0,"Phoenix",1,,17174
10/25/07,"Thu.","Edmonton",5,"Minnesota",4,"SO",16839
10/25/07,"Thu.","Nashville",3,"Atlanta",0,,13383
10/25/07,"Thu.","Tampa Bay",5,"Philadelphia",2,,18616
10/25/07,"Thu.","Pittsburgh",2,"Toronto",5,,17051
10/25/07,"Thu.","Columbus",3,"St. Louis",0,,12786
10/25/07,"Thu.","NY Rangers",2,"New Jersey",0,,18200
10/25/07,"Thu.","Boston",3,"Chicago",1,,10290
10/26/07,"Fri.","Calgary",2,"Colorado",3,"OT",19289
10/26/07,"Fri.","Detroit",5,"San Jose",1,,18289
10/26/07,"Fri.","Florida",2,"Buffalo",4,,15842
10/26/07,"Fri.","Carolina",4,"Montreal",7,,16796
10/26/07,"Fri.","Washington",2,"Vancouver",3,,12705
10/27/07,"Sat.","Los Angeles",4,"Edmonton",1,,16173
10/27/07,"Sat.","Phoenix",3,"Dallas",5,,13741
10/27/07,"Sat.","St. Louis",4,"Washington",3,,16863
10/27/07,"Sat.","Chicago",2,"Atlanta",3,,15789
10/27/07,"Sat.","Nashville",4,"Florida",3,,15767
10/27/07,"Sat.","Tampa Bay",3,"Buffalo",4,"OT",19804
10/27/07,"Sat.","Pittsburgh",3,"Montreal",4,"SO",17085
10/27/07,"Sat.","NY Rangers",1,"Toronto",4,,18200
10/27/07,"Sat.","NY Islanders",3,"Carolina",8,,13136
10/27/07,"Sat.","New Jersey",1,"Ottawa",4,,17625
10/27/07,"Sat.","Boston",1,"Philadelphia",2,,14956
10/27/07,"Sat.","Columbus",2,"San Jose",1,,13234
10/28/07,"Sun.","Vancouver",2,"Detroit",3,,18630
10/28/07,"Sun.","Anaheim",2,"Edmonton",3,"SO",17174
10/28/07,"Sun.","Colorado",3,"Minnesota",1,,17041
10/29/07,"Mon.","Dallas",2,"San Jose",4,,17546
10/29/07,"Mon.","Toronto",1,"Washington",7,,19316
10/29/07,"Mon.","NY Rangers",3,"Tampa Bay",1,,18200
10/30/07,"Tue.","Edmonton",1,"Detroit",2,,16839
10/30/07,"Tue.","Calgary",5,"Nashville",1,,19289
10/30/07,"Tue.","St. Louis",1,"Phoenix",2,,14222
10/30/07,"Tue.","Montreal",2,"Atlanta",3,"SO",21273
10/30/07,"Tue.","Minnesota",2,"Pittsburgh",4,,18568
10/31/07,"Wed.","Los Angeles",1,"Columbus",4,,11491
10/31/07,"Wed.","Dallas",4,"Chicago",5,,14756
10/31/07,"Wed.","Florida",4,"Carolina",2,,10063
10/31/07,"Wed.","New Jersey",6,"Tampa Bay",1,,13218
11/01/07,"Thu.","Anaheim",2,"Columbus",1,"SO",17174
11/01/07,"Thu.","Vancouver",0,"Nashville",3,,18630
11/01/07,"Thu.","Calgary",1,"Detroit",4,,19289
11/01/07,"Thu.","Colorado",3,"Pittsburgh",2,,18007
11/01/07,"Thu.","Minnesota",2,"St. Louis",3,,18568
11/01/07,"Thu.","Ottawa",6,"Atlanta",4,,18538
11/01/07,"Thu.","Montreal",5,"Philadelphia",2,,21273
11/01/07,"Thu.","NY Rangers",2,"Washington",0,,18200
11/01/07,"Thu.","NY Islanders",4,"Tampa Bay",0,,11008
11/01/07,"Thu.","Boston",4,"Buffalo",3,"OT",13479
11/02/07,"Fri.","San Jose",2,"Los Angeles",5,,17496
11/02/07,"Fri.","Edmonton",1,"Nashville",4,,16839
11/02/07,"Fri.","Dallas",0,"Phoenix",5,,18203
11/02/07,"Fri.","Buffalo",2,"Florida",4,,18690
11/02/07,"Fri.","Washington",2,"Philadelphia",3,,16055
11/02/07,"Fri.","New Jersey",3,"Toronto",2,,14523
11/03/07,"Sat.","Los Angeles",1,"San Jose",3,,18118
11/03/07,"Sat.","Colorado",3,"Vancouver",4,,18007
11/03/07,"Sat.","Phoenix",2,"Anaheim",5,,15888
11/03/07,"Sat.","St. Louis",2,"Chicago",3,,19150
11/03/07,"Sat.","Minnesota",4,"Calgary",1,,18568
11/03/07,"Sat.","Tampa Bay",4,"Atlanta",6,,19155
11/03/07,"Sat.","Carolina",4,"Florida",2,,17547
11/03/07,"Sat.","NY Rangers",2,"New Jersey",1,"SO",18200
11/03/07,"Sat.","NY Islanders",3,"Pittsburgh",2,,16234
11/03/07,"Sat.","Ottawa",3,"Boston",2,,19939
11/03/07,"Sat.","Montreal",2,"Toronto",3,,21273
11/04/07,"Sun.","Chicago",2,"Nashville",5,,12086
11/04/07,"Sun.","Boston",1,"Ottawa",2,"SO",10087
11/04/07,"Sun.","Columbus",3,"St. Louis",0,,13254
11/05/07,"Mon.","Anaheim",0,"Dallas",5,,17174
11/05/07,"Mon.","Colorado",4,"Calgary",1,,15655
11/05/07,"Mon.","Minnesota",5,"Edmonton",2,,18568
11/05/07,"Mon.","Florida",4,"Tampa Bay",3,,10149
11/05/07,"Mon.","Montreal",2,"Buffalo",0,,21273
11/05/07,"Mon.","Carolina",5,"Washington",0,,12171
11/05/07,"Mon.","NY Rangers",2,"Philadelphia",0,,18200
11/05/07,"Mon.","New Jersey",0,"Pittsburgh",5,,14032
11/06/07,"Tue.","Ottawa",5,"Toronto",1,,19613
11/06/07,"Tue.","Atlanta",2,"Washington",1,"OT",15530
11/06/07,"Tue.","NY Islanders",3,"NY Rangers",2,,15158
11/07/07,"Wed.","San Jose",1,"Dallas",3,,17496
11/07/07,"Wed.","Anaheim",5,"Phoenix",6,"OT",17174
11/07/07,"Wed.","Colorado",4,"Edmonton",3,"SO",15877
11/07/07,"Wed.","Chicago",5,"Columbus",2,,9717
11/07/07,"Wed.","Detroit",3,"Nashville",2,"SO",16885
11/07/07,"Wed.","Tampa Bay",3,"Florida",1,,16526
11/07/07,"Wed.","Pittsburgh",1,"Philadelphia",3,,17132
11/07/07,"Wed.","Buffalo",2,"Boston",1,"OT",18690
11/08/07,"Thu.","Phoenix",5,"Dallas",2,,12027
11/08/07,"Thu.","Calgary",2,"Vancouver",3,,19289
11/08/07,"Thu.","Ottawa",1,"Washington",4,,19666
11/08/07,"Thu.","Carolina",1,"Tampa Bay",5,,14017
11/08/07,"Thu.","NY Rangers",4,"Pittsburgh",2,,18200
11/08/07,"Thu.","New Jersey",4,"Philadelphia",1,,14948
11/08/07,"Thu.","Boston",1,"Montreal",2,,15183
11/09/07,"Fri.","Anaheim",3,"San Jose",2,"SO",17174
11/09/07,"Fri.","Vancouver",2,"Colorado",1,"OT",18630
11/09/07,"Fri.","Chicago",4,"St. Louis",2,,16149
11/09/07,"Fri.","Detroit",4,"Columbus",1,,18654
11/09/07,"Fri.","Florida",1,"Atlanta",4,,14268
11/09/07,"Fri.","Buffalo",0,"Toronto",3,,18690
11/10/07,"Sat.","San Jose",4,"Phoenix",1,,17496
11/10/07,"Sat.","Los Angeles",6,"Dallas",5,"OT",18118
11/10/07,"Sat.","Calgary",2,"Edmonton",4,,19289
11/10/07,"Sat.","Nashville",4,"Columbus",3,"SO",15947
11/10/07,"Sat.","Atlanta",3,"Carolina",5,,18545
11/10/07,"Sat.","Washington",2,"Tampa Bay",5,,14617
11/10/07,"Sat.","Philadelphia",5,"Pittsburgh",2,,19859
11/10/07,"Sat.","NY Islanders",2,"New Jersey",1,,15361
11/10/07,"Sat.","Toronto",2,"NY Rangers",3,"SO",19503
11/10/07,"Sat.","Boston",2,"Buffalo",1,,17565
11/10/07,"Sat.","Ottawa",3,"Montreal",1,,20065
11/11/07,"Sun.","Colorado",4,"Minnesota",2,,15434
11/11/07,"Sun.","Chicago",3,"Detroit",2,,19045
11/12/07,"Mon.","San Jose",5,"Phoenix",0,,17496
11/12/07,"Mon.","Florida",3,"Carolina",4,,12715
11/12/07,"Mon.","Pittsburgh",2,"New Jersey",3,,17096
11/12/07,"Mon.","Columbus",1,"Nashville",4,,12554
11/12/07,"Mon.","Philadelphia",3,"NY Islanders",2,,19312
11/13/07,"Tue.","Anaheim",4,"Los Angeles",3,"SO",17174
11/13/07,"Tue.","Calgary",3,"Minnesota",2,,19289
11/13/07,"Tue.","Toronto",3,"Montreal",4,"OT",19595
11/13/07,"Tue.","St. Louis",4,"Detroit",3,,18440
11/13/07,"Tue.","Atlanta",3,"Florida",2,"OT",12599
11/14/07,"Wed.","Vancouver",0,"Edmonton",1,"SO",18630
11/14/07,"Wed.","Dallas",3,"San Jose",4,"SO",17682
11/14/07,"Wed.","Tampa Bay",6,"Carolina",1,,17444
11/14/07,"Wed.","Columbus",4,"Chicago",2,,13622
11/14/07,"Wed.","New Jersey",2,"NY Rangers",4,,17625
11/15/07,"Thu.","Los Angeles",3,"Anaheim",6,,18118
11/15/07,"Thu.","Phoenix",0,"San Jose",6,,12953
11/15/07,"Thu.","Edmonton",2,"Minnesota",4,,16839
11/15/07,"Thu.","Nashville",5,"Chicago",4,"OT",15353
11/15/07,"Thu.","Florida",2,"Washington",1,,12101
11/15/07,"Thu.","Pittsburgh",3,"NY Islanders",2,,16972
11/15/07,"Thu.","Ottawa",3,"Buffalo",2,,19279
11/15/07,"Thu.","Philadelphia",3,"NY Rangers",4,"SO",19571
11/15/07,"Thu.","Boston",5,"Toronto",2,,16373
11/16/07,"Fri.","Vancouver",6,"Minnesota",2,,18630
11/16/07,"Fri.","Dallas",6,"Colorado",1,,18019
11/16/07,"Fri.","St. Louis",3,"Columbus",2,,19150
11/16/07,"Fri.","Tampa Bay",5,"Washington",2,,19526
11/16/07,"Fri.","Buffalo",4,"Montreal",1,,18690
11/16/07,"Fri.","Carolina",0,"Atlanta",3,,14632
11/16/07,"Fri.","New Jersey",0,"NY Islanders",1,,15076
11/17/07,"Sat.","San Jose",1,"Anaheim",2,"SO",17496
11/17/07,"Sat.","Edmonton",1,"Calgary",3,,16839
11/17/07,"Sat.","Nashville",2,"St. Louis",3,"SO",15246
11/17/07,"Sat.","Pittsburgh",3,"NY Rangers",4,"OT",17125
11/17/07,"Sat.","Detroit",3,"Chicago",5,,20066
11/17/07,"Sat.","Carolina",2,"Florida",1,,16962
11/17/07,"Sat.","Philadelphia",2,"New Jersey",6,,19621
11/17/07,"Sat.","Montreal",7,"Boston",4,,21273
11/17/07,"Sat.","Toronto",3,"Ottawa",0,,19596
11/17/07,"Sat.","Los Angeles",0,"Phoenix",1,,15659
11/18/07,"Sun.","Vancouver",4,"Calgary",1,,18630
11/18/07,"Sun.","Minnesota",4,"Colorado",1,,18568
11/18/07,"Sun.","Columbus",4,"Detroit",5,"SO",15503
11/19/07,"Mon.","Dallas",3,"Los Angeles",0,,17208
11/19/07,"Mon.","St. Louis",2,"Nashville",1,,15239
11/19/07,"Mon.","Montreal",2,"Ottawa",4,,21273
11/19/07,"Mon.","Atlanta",4,"Tampa Bay",3,"OT",13419
11/19/07,"Mon.","Washington",3,"Florida",4,,13411
11/19/07,"Mon.","NY Rangers",1,"NY Islanders",2,,18200
11/20/07,"Tue.","Edmonton",5,"Vancouver",4,"SO",16839
11/20/07,"Tue.","Calgary",4,"Colorado",1,,19289
11/20/07,"Tue.","Toronto",2,"Boston",4,,19441
11/21/07,"Wed.","Phoenix",4,"Los Angeles",1,,12161
11/21/07,"Wed.","Dallas",2,"Anaheim",1,,18584
11/21/07,"Wed.","Minnesota",2,"Vancouver",4,,18568
11/21/07,"Wed.","Detroit",3,"St. Louis",0,,19124
11/21/07,"Wed.","Tampa Bay",1,"NY Rangers",2,,20110
11/21/07,"Wed.","Pittsburgh",1,"New Jersey",2,,17132
11/21/07,"Wed.","Columbus",2,"Florida",5,,13326
11/21/07,"Wed.","Carolina",3,"Philadelphia",6,,16351
11/21/07,"Wed.","Washington",1,"Atlanta",5,,11669
11/21/07,"Wed.","NY Islanders",1,"Montreal",4,,13153
11/21/07,"Wed.","Buffalo",4,"Ottawa",2,,18690
11/22/07,"Thu.","Edmonton",2,"Colorado",3,,16839
11/22/07,"Thu.","Calgary",1,"Chicago",2,,19289
11/22/07,"Thu.","Nashville",3,"Detroit",2,,14346
11/22/07,"Thu.","Ottawa",5,"Pittsburgh",6,"SO",20061
11/23/07,"Fri.","Dallas",3,"Toronto",1,,18409
11/23/07,"Fri.","St. Louis",3,"Vancouver",1,,18721
11/23/07,"Fri.","Florida",3,"NY Rangers",2,"SO",19250
11/23/07,"Fri.","Atlanta",0,"New Jersey",3,,18545
11/23/07,"Fri.","Buffalo",4,"Montreal",2,,18690
11/23/07,"Fri.","Carolina",4,"Tampa Bay",3,,18033
11/23/07,"Fri.","Anaheim",3,"Phoenix",4,"SO",17174
11/23/07,"Fri.","Minnesota",0,"Columbus",4,,18568
11/23/07,"Fri.","Philadelphia",3,"Washington",4,"OT",19727
11/23/07,"Fri.","Boston",2,"NY Islanders",1,,17565
11/24/07,"Sat.","San Jose",1,"Los Angeles",2,,17496
11/24/07,"Sat.","Edmonton",3,"Chicago",2,"SO",16839
11/24/07,"Sat.","Colorado",2,"Calgary",5,,18007
11/24/07,"Sat.","Nashville",3,"Minnesota",4,,12639
11/24/07,"Sat.","Tampa Bay",2,"New Jersey",3,,19077
11/24/07,"Sat.","Pittsburgh",5,"Atlanta",0,,17132
11/24/07,"Sat.","Phoenix",5,"Toronto",1,,17190
11/24/07,"Sat.","Columbus",3,"Detroit",2,"SO",17513
11/24/07,"Sat.","Washington",5,"Carolina",2,,13650
11/24/07,"Sat.","NY Islanders",2,"Boston",1,,16234
11/24/07,"Sat.","Ottawa",3,"Philadelphia",4,,20128
11/24/07,"Sat.","Montreal",0,"Buffalo",3,,21273
11/25/07,"Sun.","Vancouver",2,"Chicago",0,,18630
11/25/07,"Sun.","Anaheim",3,"Los Angeles",2,,17174
11/25/07,"Sun.","St. Louis",3,"Calgary",0,,15138
11/25/07,"Sun.","NY Rangers",2,"Dallas",3,,18200
11/26/07,"Mon.","Edmonton",3,"Columbus",1,,16839
11/26/07,"Mon.","Washington",1,"Buffalo",3,,11204
11/26/07,"Mon.","Philadelphia",3,"Boston",6,,19457
11/26/07,"Mon.","NY Islanders",2,"Dallas",3,"OT",8161
11/27/07,"Tue.","Vancouver",4,"Anaheim",0,,18630
11/27/07,"Tue.","Toronto",3,"Montreal",4,"SO",19608
11/27/07,"Tue.","Detroit",5,"Calgary",3,,17108
11/28/07,"Wed.","San Jose",2,"Los Angeles",3,"SO",17071
11/28/07,"Wed.","Colorado",4,"Edmonton",2,,15128
11/28/07,"Wed.","Chicago",5,"Tampa Bay",1,,11122
11/28/07,"Wed.","Minnesota",3,"Phoenix",1,,18568
11/28/07,"Wed.","Carolina",1,"Philadelphia",3,,15108
11/28/07,"Wed.","Washington",1,"Florida",2,"SO",10526
11/28/07,"Wed.","NY Islanders",3,"Ottawa",2,"SO",9211
11/28/07,"Wed.","New Jersey",4,"Dallas",2,,13665
11/28/07,"Wed.","Buffalo",3,"St. Louis",4,,18690
11/29/07,"Thu.","Vancouver",2,"Columbus",0,,18630
11/29/07,"Thu.","Calgary",1,"Anaheim",4,,19289
11/29/07,"Thu.","Detroit",4,"Tampa Bay",2,,17001
11/29/07,"Thu.","Florida",3,"Boston",4,,14926
11/29/07,"Thu.","Ottawa",5,"Nashville",6,,19538
11/29/07,"Thu.","Atlanta",2,"Toronto",4,,14031
11/29/07,"Thu.","NY Rangers",4,"NY Islanders",2,,18200
11/30/07,"Fri.","San Jose",3,"Colorado",2,,17496
11/30/07,"Fri.","Edmonton",5,"Anaheim",1,,16839
11/30/07,"Fri.","Chicago",6,"Phoenix",1,,16234
11/30/07,"Fri.","Minnesota",3,"St. Louis",2,"OT",18568
11/30/07,"Fri.","Pittsburgh",4,"Dallas",1,,17132
11/30/07,"Fri.","Carolina",4,"Washington",3,,16386
11/30/07,"Fri.","New Jersey",4,"Montreal",0,,15081
12/01/07,"Sat.","Los Angeles",2,"Colorado",5,,17297
12/01/07,"Sat.","Calgary",3,"Columbus",4,"OT",19289
12/01/07,"Sat.","St. Louis",3,"Chicago",1,,19150
12/01/07,"Sat.","Tampa Bay",4,"Boston",1,,18444
12/01/07,"Sat.","Detroit",3,"Phoenix",2,,18557
12/01/07,"Sat.","Florida",1,"Washington",2,,14333
12/01/07,"Sat.","Philadelphia",1,"Dallas",4,,19660
12/01/07,"Sat.","NY Islanders",0,"Atlanta",4,,15355
12/01/07,"Sat.","Montreal",4,"Nashville",5,"SO",21273
12/01/07,"Sat.","Toronto",4,"Pittsburgh",2,,19534
12/01/07,"Sat.","Buffalo",8,"Carolina",1,,18690
12/01/07,"Sat.","Ottawa",2,"NY Rangers",5,,20003
12/02/07,"Sun.","Anaheim",0,"Edmonton",4,,17174
12/02/07,"Sun.","Minnesota",2,"Vancouver",1,,18568
12/02/07,"Sun.","New Jersey",3,"Atlanta",2,"SO",14978
12/03/07,"Mon.","Los Angeles",3,"Edmonton",4,"SO",14193
12/03/07,"Mon.","Colorado",2,"San Jose",3,,15213
12/03/07,"Mon.","Pittsburgh",3,"Phoenix",1,,16979
12/03/07,"Mon.","Columbus",1,"Dallas",2,"SO",12233
12/03/07,"Mon.","NY Rangers",0,"Carolina",4,,18200
12/03/07,"Mon.","NY Islanders",1,"Boston",3,,11040
12/04/07,"Tue.","Calgary",3,"St. Louis",1,,19289
12/04/07,"Tue.","Tampa Bay",4,"Ottawa",3,"SO",17540
12/04/07,"Tue.","Toronto",3,"Nashville",1,,19400
12/04/07,"Tue.","Montreal",1,"Detroit",4,,21273
12/05/07,"Wed.","Anaheim",4,"Buffalo",1,,17174
12/05/07,"Wed.","Phoenix",4,"Los Angeles",1,,11401
12/05/07,"Wed.","Edmonton",2,"Pittsburgh",4,,16839
12/05/07,"Wed.","Dallas",2,"San Jose",3,,17318
12/05/07,"Wed.","Chicago",2,"Vancouver",3,,12444
12/05/07,"Wed.","Minnesota",1,"Philadelphia",3,,18568
12/05/07,"Wed.","Florida",4,"Ottawa",5,,11289
12/05/07,"Wed.","Columbus",5,"Colorado",4,,12851
12/05/07,"Wed.","Atlanta",4,"NY Islanders",3,"SO",14018
12/05/07,"Wed.","New Jersey",4,"Boston",3,"OT",14012
12/06/07,"Thu.","Los Angeles",8,"Buffalo",2,,15980
12/06/07,"Thu.","Calgary",2,"Pittsburgh",3,"SO",19289
12/06/07,"Thu.","Nashville",2,"Vancouver",5,,15918
12/06/07,"Thu.","Tampa Bay",2,"Carolina",1,,16674
12/06/07,"Thu.","NY Rangers",2,"Toronto",6,,18200
12/06/07,"Thu.","Boston",2,"Montreal",4,,14977
12/07/07,"Fri.","Phoenix",0,"San Jose",1,,12972
12/07/07,"Fri.","Edmonton",3,"St. Louis",4,,16839
12/07/07,"Fri.","Colorado",2,"Philadelphia",1,,16312
12/07/07,"Fri.","Dallas",2,"Ottawa",4,,18016
12/07/07,"Fri.","Chicago",3,"Anaheim",5,,17734
12/07/07,"Fri.","Detroit",5,"Minnesota",0,,19508
12/07/07,"Fri.","Florida",3,"NY Islanders",0,,14502
12/07/07,"Fri.","Atlanta",4,"NY Rangers",2,,18204
12/07/07,"Fri.","New Jersey",3,"Washington",2,,16265
12/08/07,"Sat.","San Jose",1,"Buffalo",7,,17496
12/08/07,"Sat.","Los Angeles",2,"Phoenix",4,,16053
12/08/07,"Sat.","Vancouver",1,"Pittsburgh",2,"SO",18630
12/08/07,"Sat.","Nashville",4,"Anaheim",2,,13469
12/08/07,"Sat.","Tampa Bay",2,"NY Islanders",3,"OT",18319
12/08/07,"Sat.","Columbus",1,"Minnesota",2,,15666
12/08/07,"Sat.","Washington",6,"Atlanta",3,,14014
12/08/07,"Sat.","Montreal",1,"Carolina",5,,21273
12/08/07,"Sat.","Toronto",1,"Boston",2,,19441
12/09/07,"Sun.","Colorado",9,"St. Louis",5,,15476
12/09/07,"Sun.","Chicago",2,"Calgary",3,,13382
12/09/07,"Sun.","Detroit",5,"Carolina",2,,19609
12/09/07,"Sun.","NY Rangers",1,"New Jersey",0,"OT",18200
12/10/07,"Mon.","Los Angeles",4,"Vancouver",2,,15087
12/10/07,"Mon.","Dallas",5,"Edmonton",4,"OT",17833
12/10/07,"Mon.","Nashville",1,"Detroit",2,,15056
12/10/07,"Mon.","Toronto",6,"Tampa Bay",1,,19454
12/10/07,"Mon.","Columbus",3,"Anaheim",4,"OT",11984
12/10/07,"Mon.","Washington",3,"New Jersey",2,,10719
12/10/07,"Mon.","Buffalo",1,"Boston",4,,18302
12/11/07,"Tue.","San Jose",4,"Minnesota",1,,17064
12/11/07,"Tue.","St. Louis",4,"Edmonton",5,"SO",14329
12/11/07,"Tue.","Florida",1,"Calgary",2,"SO",12499
12/11/07,"Tue.","Montreal",2,"Tampa Bay",3,"SO",21273
12/11/07,"Tue.","Philadelphia",8,"Pittsburgh",2,,19409
12/12/07,"Wed.","Anaheim",2,"Vancouver",3,,17174
12/12/07,"Wed.","Chicago",6,"Los Angeles",3,,12534
12/12/07,"Wed.","Columbus",4,"Colorado",1,,13150
12/12/07,"Wed.","Atlanta",3,"Boston",5,,14265
12/12/07,"Wed.","Carolina",0,"Ottawa",6,,15268
12/12/07,"Wed.","Washington",5,"NY Rangers",4,"OT",12553
12/12/07,"Wed.","Buffalo",5,"NY Islanders",3,,18690
12/13/07,"Thu.","San Jose",5,"Vancouver",2,,17175
12/13/07,"Thu.","Dallas",4,"Los Angeles",1,,17913
12/13/07,"Thu.","St. Louis",0,"Florida",1,,14088
12/13/07,"Thu.","Nashville",1,"Colorado",2,,12456
12/13/07,"Thu.","Detroit",3,"Edmonton",4,"SO",18859
12/13/07,"Thu.","Tampa Bay",6,"Calgary",9,,19026
12/13/07,"Thu.","Pittsburgh",1,"Ottawa",4,,16982
12/13/07,"Thu.","Philadelphia",1,"Montreal",4,,19322
12/13/07,"Thu.","NY Islanders",3,"Phoenix",2,,9581
12/13/07,"Thu.","Boston",1,"New Jersey",3,,12064
12/14/07,"Fri.","Anaheim",2,"Minnesota",5,,17174
12/14/07,"Fri.","Atlanta",0,"Toronto",4,,16424
12/14/07,"Fri.","Carolina",3,"Calgary",4,,15536
12/14/07,"Fri.","Washington",3,"Buffalo",5,,17035
12/15/07,"Sat.","San Jose",2,"Dallas",4,,17496
12/15/07,"Sat.","Los Angeles",1,"Minnesota",2,,16648
12/15/07,"Sat.","Edmonton",2,"Vancouver",1,"SO",16839
12/15/07,"Sat.","Colorado",3,"Nashville",1,,16582
12/15/07,"Sat.","Tampa Bay",2,"Washington",3,,18367
12/15/07,"Sat.","Detroit",5,"Florida",2,,20066
12/15/07,"Sat.","Philadelphia",5,"Carolina",6,"SO",19460
12/15/07,"Sat.","NY Islanders",2,"Pittsburgh",3,,15269
12/15/07,"Sat.","Ottawa",7,"Atlanta",3,,20082
12/15/07,"Sat.","Montreal",4,"Toronto",1,,21273
12/15/07,"Sat.","Buffalo",3,"Chicago",1,,18690
12/15/07,"Sat.","Boston",2,"Columbus",0,,14058
12/15/07,"Sat.","New Jersey",1,"Phoenix",4,,16636
12/16/07,"Sun.","Anaheim",1,"San Jose",2,"SO",17174
12/16/07,"Sun.","Chicago",1,"Florida",3,,12926
12/16/07,"Sun.","St. Louis",3,"Calgary",5,,16733
12/16/07,"Sun.","NY Rangers",1,"Phoenix",5,,18200
12/16/07,"Sun.","New Jersey",4,"Philadelphia",2,,16687
12/17/07,"Mon.","Los Angeles",2,"Colorado",4,,16647
12/17/07,"Mon.","Detroit",4,"Washington",3,"SO",19483
12/18/07,"Tue.","San Jose",0,"Anaheim",2,,17197
12/18/07,"Tue.","Vancouver",5,"New Jersey",0,,18630
12/18/07,"Tue.","Edmonton",1,"Dallas",2,"SO",16839
12/18/07,"Tue.","Minnesota",3,"Nashville",2,,18568
12/18/07,"Tue.","Montreal",2,"Florida",3,,21273
12/18/07,"Tue.","Columbus",1,"Calgary",3,,13181
12/18/07,"Tue.","Atlanta",6,"Tampa Bay",2,,14060
12/18/07,"Tue.","Carolina",3,"Toronto",2,"OT",17045
12/18/07,"Tue.","Philadelphia",2,"Phoenix",3,,19211
12/18/07,"Tue.","NY Rangers",4,"Pittsburgh",0,,18200
12/18/07,"Tue.","Boston",2,"Ottawa",3,,14874
12/19/07,"Wed.","Anaheim",2,"Colorado",1,"OT",17174
12/19/07,"Wed.","Chicago",5,"Nashville",2,,14151
12/19/07,"Wed.","Detroit",6,"Los Angeles",2,,19516
12/19/07,"Wed.","NY Islanders",1,"Buffalo",2,,10806
12/20/07,"Thu.","San Jose",2,"Phoenix",3,"SO",17136
12/20/07,"Thu.","Vancouver",3,"Dallas",2,,18630
12/20/07,"Thu.","St. Louis",3,"Detroit",2,,19150
12/20/07,"Thu.","Minnesota",6,"NY Rangers",3,,18568
12/20/07,"Thu.","Florida",5,"Carolina",4,,15061
12/20/07,"Thu.","Tampa Bay",2,"Toronto",1,,19131
12/20/07,"Thu.","Atlanta",3,"Ottawa",2,,14085
12/20/07,"Thu.","Washington",2,"Montreal",5,,12670
12/20/07,"Thu.","Boston",4,"Pittsburgh",5,"SO",15304
12/21/07,"Fri.","Edmonton",1,"New Jersey",3,,16839
12/21/07,"Fri.","Calgary",2,"Dallas",3,"OT",19289
12/21/07,"Fri.","Colorado",4,"NY Rangers",3,"OT",16612
12/21/07,"Fri.","Pittsburgh",2,"NY Islanders",4,,17008
12/21/07,"Fri.","Buffalo",3,"Philadelphia",2,,18690
12/21/07,"Fri.","Columbus",2,"Los Angeles",1,,14034
12/22/07,"Sat.","San Jose",2,"Anaheim",5,,17496
12/22/07,"Sat.","Phoenix",1,"Vancouver",2,"SO",17471
12/22/07,"Sat.","Minnesota",1,"Detroit",4,,18568
12/22/07,"Sat.","Nashville",4,"Los Angeles",3,,15698
12/22/07,"Sat.","Tampa Bay",1,"Carolina",4,,18765
12/22/07,"Sat.","Florida",1,"Toronto",2,"OT",18500
12/22/07,"Sat.","Atlanta",3,"Montreal",2,"SO",17153
12/22/07,"Sat.","Philadelphia",5,"Buffalo",6,"SO",19606
12/22/07,"Sat.","NY Islanders",3,"Washington",2,"OT",14305
12/22/07,"Sat.","Ottawa",3,"Chicago",4,"OT",20171
12/22/07,"Sat.","Boston",1,"St. Louis",4,,14200
12/23/07,"Sun.","Dallas",4,"Montreal",1,,18585
12/23/07,"Sun.","Calgary",0,"New Jersey",1,"OT",19289
12/23/07,"Sun.","Colorado",3,"Vancouver",1,,17186
12/23/07,"Sun.","Chicago",3,"Edmonton",2,,20151
12/23/07,"Sun.","NY Rangers",1,"Ottawa",3,,18200
12/23/07,"Sun.","St. Louis",2,"Atlanta",3,"OT",17731
12/23/07,"Sun.","Columbus",1,"Nashville",3,,15481
12/23/07,"Sun.","Pittsburgh",4,"Boston",2,,17060
12/26/07,"Wed.","Los Angeles",2,"San Jose",3,,18118
12/26/07,"Wed.","Dallas",8,"Minnesota",3,,18532
12/26/07,"Wed.","St. Louis",0,"Detroit",5,,19250
12/26/07,"Wed.","Chicago",5,"Nashville",2,,20511
12/26/07,"Wed.","Columbus",2,"Atlanta",0,,15726
12/26/07,"Wed.","Washington",3,"Tampa Bay",2,,15035
12/26/07,"Wed.","NY Rangers",4,"Carolina",2,,18200
12/26/07,"Wed.","NY Islanders",4,"Toronto",3,"OT",15301
12/26/07,"Wed.","Buffalo",3,"Ottawa",5,,18690
12/27/07,"Thu.","Vancouver",5,"Calgary",3,,18630
12/27/07,"Thu.","Phoenix",2,"Minnesota",3,,13756
12/27/07,"Thu.","Edmonton",1,"Anaheim",2,,16839
12/27/07,"Thu.","Colorado",2,"Detroit",4,,18007
12/27/07,"Thu.","Nashville",4,"Columbus",3,,14331
12/27/07,"Thu.","Tampa Bay",2,"Montreal",5,,20294
12/27/07,"Thu.","Pittsburgh",4,"Washington",3,"OT",17132
12/27/07,"Thu.","Ottawa",5,"NY Islanders",2,,20268
12/27/07,"Thu.","Atlanta",3,"Florida",5,,16080
12/27/07,"Thu.","Philadelphia",4,"Toronto",1,,19727
12/28/07,"Fri.","St. Louis",0,"San Jose",1,,19250
12/28/07,"Fri.","Florida",1,"Montreal",5,,19838
12/28/07,"Fri.","Carolina",4,"Boston",3,,18680
12/28/07,"Fri.","New Jersey",2,"Buffalo",1,"SO",17625
12/29/07,"Sat.","Calgary",5,"Anaheim",3,,19289
12/29/07,"Sat.","Phoenix",2,"Detroit",4,,17866
12/29/07,"Sat.","Dallas",5,"St. Louis",4,"SO",18532
12/29/07,"Sat.","Minnesota",5,"Edmonton",4,"OT",18568
12/29/07,"Sat.","Nashville",2,"San Jose",5,,13298
12/29/07,"Sat.","Pittsburgh",2,"Buffalo",0,,17132
12/29/07,"Sat.","Columbus",4,"Carolina",1,,17453
12/29/07,"Sat.","Atlanta",5,"Boston",0,,18545
12/29/07,"Sat.","NY Islanders",5,"New Jersey",2,,16234
12/29/07,"Sat.","Ottawa",6,"Washington",8,,20296
12/29/07,"Sat.","Toronto",1,"NY Rangers",6,,19408
12/29/07,"Sat.","Colorado",1,"Los Angeles",3,,17256
12/29/07,"Sat.","Tampa Bay",2,"Philadelphia",4,,20124
12/30/07,"Sun.","Vancouver",2,"Anaheim",1,,18630
12/30/07,"Sun.","Chicago",2,"Los Angeles",3,"OT",21715
12/30/07,"Sun.","NY Rangers",4,"Montreal",3,"OT",18200
12/30/07,"Sun.","Florida",0,"Philadelphia",1,,18767
12/31/07,"Mon.","Calgary",2,"Vancouver",1,,19289
12/31/07,"Mon.","Dallas",0,"Nashville",1,,18584
12/31/07,"Mon.","Phoenix",4,"Colorado",3,"SO",12973
12/31/07,"Mon.","Carolina",1,"NY Islanders",4,,17091
12/31/07,"Mon.","Minnesota",2,"San Jose",3,,18568
12/31/07,"Mon.","Detroit",0,"St. Louis",2,,20066
12/31/07,"Mon.","Columbus",4,"Edmonton",2,,16774
12/31/07,"Mon.","Boston",5,"Atlanta",2,,17565
01/01/08,"Tue.","Los Angeles",9,"Chicago",2,,16916
01/01/08,"Tue.","Toronto",4,"Tampa Bay",3,"SO",19347
01/01/08,"Tue.","Washington",6,"Ottawa",3,,14547
01/01/08,"Tue.","Buffalo",1,"Pittsburgh",2,"SO",71217
01/02/08,"Wed.","Anaheim",2,"Columbus",1,,17174
01/02/08,"Wed.","Calgary",4,"NY Rangers",3,,19289
01/02/08,"Wed.","Colorado",2,"Phoenix",5,,15232
01/02/08,"Wed.","St. Louis",2,"Edmonton",3,"OT",14465
01/02/08,"Wed.","Detroit",4,"Dallas",1,,20066
01/02/08,"Wed.","Carolina",4,"Atlanta",5,"OT",13506
01/02/08,"Wed.","New Jersey",3,"Florida",2,,14124
01/03/08,"Thu.","San Jose",2,"Calgary",3,"OT",17496
01/03/08,"Thu.","Los Angeles",3,"Columbus",4,,14173
01/03/08,"Thu.","Vancouver",3,"NY Rangers",0,,18630
01/03/08,"Thu.","Phoenix",4,"Chicago",2,,12252
01/03/08,"Thu.","Minnesota",6,"Dallas",3,,18568
01/03/08,"Thu.","Nashville",5,"Edmonton",2,,12676
01/03/08,"Thu.","Pittsburgh",6,"Toronto",2,,17074
01/03/08,"Thu.","Montreal",6,"Tampa Bay",3,,21273
01/03/08,"Thu.","NY Islanders",3,"Florida",4,"OT",11428
01/03/08,"Thu.","Boston",2,"Washington",0,,12240
01/04/08,"Fri.","Anaheim",2,"Chicago",1,,17174
01/04/08,"Fri.","Atlanta",3,"Carolina",4,,16097
01/04/08,"Fri.","Buffalo",3,"Ottawa",5,,18690
01/04/08,"Fri.","New Jersey",3,"Philadelphia",0,,17625
01/05/08,"Sat.","Colorado",2,"NY Islanders",1,"OT",17154
01/05/08,"Sat.","St. Louis",1,"Carolina",0,,19150
01/05/08,"Sat.","Nashville",4,"Minnesota",1,,17113
01/05/08,"Sat.","Pittsburgh",3,"Florida",0,,17090
01/05/08,"Sat.","Ottawa",4,"Tampa Bay",3,"OT",20108
01/05/08,"Sat.","Toronto",2,"Philadelphia",3,,19412
01/05/08,"Sat.","Boston",4,"New Jersey",3,,17565
01/05/08,"Sat.","Dallas",0,"Detroit",3,,18584
01/05/08,"Sat.","Montreal",4,"Washington",5,"OT",21273
01/05/08,"Sat.","Phoenix",3,"Anaheim",2,"SO",16159
01/05/08,"Sat.","Edmonton",3,"NY Rangers",2,"SO",16839
01/05/08,"Sat.","Los Angeles",4,"Calgary",6,,18118
01/05/08,"Sat.","San Jose",3,"Columbus",2,,17496
01/06/08,"Sun.","Atlanta",5,"Buffalo",2,,15213
01/06/08,"Sun.","Chicago",1,"Detroit",3,,21869
01/07/08,"Mon.","Dallas",3,"Minnesota",1,,17502
01/07/08,"Mon.","Edmonton",4,"NY Islanders",0,,16839
01/07/08,"Mon.","Anaheim",5,"Nashville",2,,17174
01/08/08,"Tue.","Boston",0,"Carolina",1,,14549
01/08/08,"Tue.","New Jersey",2,"Buffalo",1,"SO",14030
01/08/08,"Tue.","NY Rangers",3,"Tampa Bay",5,,18200
01/08/08,"Tue.","Atlanta",1,"Philadelphia",4,,13047
01/08/08,"Tue.","Montreal",4,"Chicago",3,"OT",21273
01/08/08,"Tue.","Florida",1,"Pittsburgh",3,,17086
01/08/08,"Tue.","Detroit",1,"Colorado",0,,19160
01/08/08,"Tue.","St. Louis",6,"Columbus",1,,14818
01/08/08,"Tue.","Calgary",1,"Phoenix",3,,19289
01/08/08,"Tue.","Vancouver",3,"NY Islanders",2,"SO",18630
01/08/08,"Tue.","Los Angeles",0,"Nashville",7,,14751
01/09/08,"Wed.","Washington",2,"Colorado",1,,16168
01/09/08,"Wed.","Chicago",1,"Dallas",3,,15469
01/09/08,"Wed.","Anaheim",5,"Toronto",0,,17174
01/10/08,"Thu.","Boston",2,"Montreal",5,,17565
01/10/08,"Thu.","NY Rangers",2,"Philadelphia",6,,18200
01/10/08,"Thu.","Carolina",1,"New Jersey",4,,17173
01/10/08,"Thu.","Atlanta",2,"Florida",3,"SO",14805
01/10/08,"Thu.","Ottawa",3,"Buffalo",2,"SO",19843
01/10/08,"Thu.","Tampa Bay",1,"Pittsburgh",4,,20426
01/10/08,"Thu.","Detroit",5,"Minnesota",6,"SO",17848
01/10/08,"Thu.","St. Louis",4,"Dallas",2,,16805
01/10/08,"Thu.","Edmonton",5,"Phoenix",2,,16839
01/10/08,"Thu.","Los Angeles",5,"Toronto",2,,18118
01/10/08,"Thu.","San Jose",3,"Vancouver",1,,17496
01/11/08,"Fri.","Columbus",6,"St. Louis",4,,15233
01/11/08,"Fri.","Chicago",2,"Minnesota",5,,21139
01/11/08,"Fri.","Calgary",4,"NY Islanders",5,"SO",19289
01/11/08,"Fri.","Vancouver",3,"Phoenix",4,,18630
01/12/08,"Sat.","Philadelphia",3,"Boston",4,"OT",19792
01/12/08,"Sat.","Los Angeles",4,"Dallas",3,"SO",16916
01/12/08,"Sat.","Buffalo",2,"New Jersey",3,"SO",18690
01/12/08,"Sat.","Ottawa",3,"Detroit",2,,20208
01/12/08,"Sat.","NY Rangers",4,"Montreal",1,,18200
01/12/08,"Sat.","Carolina",4,"Colorado",5,,18680
01/12/08,"Sat.","Atlanta",3,"Pittsburgh",2,"SO",18545
01/12/08,"Sat.","Florida",3,"Tampa Bay",5,,16578
01/12/08,"Sat.","Columbus",2,"Nashville",1,"SO",16230
01/12/08,"Sat.","San Jose",3,"Toronto",2,,17496
01/13/08,"Sun.","Washington",4,"Philadelphia",6,,17713
01/13/08,"Sun.","Florida",3,"Colorado",4,"SO",13854
01/13/08,"Sun.","St. Louis",3,"Vancouver",4,"SO",16828
01/13/08,"Sun.","Minnesota",4,"Phoenix",1,,18568
01/13/08,"Sun.","Ottawa",1,"NY Islanders",3,,19804
01/13/08,"Sun.","Nashville",2,"Chicago",3,"SO",12484
01/13/08,"Sun.","Edmonton",2,"Calgary",1,,16839
01/13/08,"Sun.","Anaheim",4,"San Jose",3,"OT",17174
01/14/08,"Mon.","Pittsburgh",4,"NY Rangers",1,,17000
01/15/08,"Tue.","NY Islanders",1,"Montreal",3,,11439
01/15/08,"Tue.","Washington",4,"Ottawa",2,,15261
01/15/08,"Tue.","Columbus",3,"Vancouver",2,,13555
01/15/08,"Tue.","Toronto",5,"Carolina",4,,19444
01/15/08,"Tue.","Tampa Bay",0,"Colorado",3,,17222
01/15/08,"Tue.","Detroit",1,"Atlanta",5,,17408
01/15/08,"Tue.","Nashville",3,"Calgary",0,,11764
01/15/08,"Tue.","Edmonton",1,"Los Angeles",3,,16839
01/15/08,"Tue.","Phoenix",5,"San Jose",3,,11822
01/15/08,"Tue.","Anaheim",4,"Dallas",2,,17174
01/16/08,"Wed.","New Jersey",1,"NY Islanders",3,,15975
01/16/08,"Wed.","NY Rangers",2,"Buffalo",1,,18200
01/16/08,"Wed.","Philadelphia",5,"Florida",3,,19207
01/16/08,"Wed.","Minnesota",2,"Calgary",3,"SO",18568
01/16/08,"Wed.","Chicago",6,"St. Louis",1,,17570
01/17/08,"Thu.","Boston",2,"Toronto",3,"SO",13907
01/17/08,"Thu.","Washington",5,"Edmonton",4,"SO",13399
01/17/08,"Thu.","Atlanta",2,"Montreal",3,"SO",16181
01/17/08,"Thu.","Ottawa",5,"Carolina",1,,19720
01/17/08,"Thu.","Detroit",3,"Vancouver",2,"SO",18878
01/17/08,"Thu.","Nashville",1,"Anaheim",2,,14193
01/17/08,"Thu.","Phoenix",3,"Columbus",4,,11114
01/17/08,"Thu.","San Jose",2,"Dallas",4,,17496
01/18/08,"Fri.","New Jersey",1,"Florida",2,,15203
01/18/08,"Fri.","Carolina",7,"Edmonton",2,,16868
01/18/08,"Fri.","Buffalo",10,"Atlanta",1,,18690
01/18/08,"Fri.","Pittsburgh",0,"Tampa Bay",3,,17132
01/18/08,"Fri.","Minnesota",2,"Anaheim",4,,18568
01/18/08,"Fri.","Colorado",1,"Chicago",2,"SO",18007
01/18/08,"Fri.","Calgary",6,"Los Angeles",1,,19289
01/19/08,"Sat.","Boston",4,"NY Rangers",3,"SO",17565
01/19/08,"Sat.","Dallas",3,"Columbus",1,,17811
01/19/08,"Sat.","Toronto",4,"Buffalo",2,,19436
01/19/08,"Sat.","Montreal",0,"Pittsburgh",2,,21273
01/19/08,"Sat.","Ottawa",0,"Tampa Bay",2,,20091
01/19/08,"Sat.","NY Islanders",3,"Philadelphia",5,,16234
01/19/08,"Sat.","Washington",5,"Florida",3,,16973
01/19/08,"Sat.","St. Louis",2,"Nashville",5,,19275
01/19/08,"Sat.","Phoenix",1,"Chicago",2,"SO",18073
01/19/08,"Sat.","Vancouver",3,"Los Angeles",4,,18630
01/19/08,"Sat.","San Jose",3,"Detroit",6,,17496
01/20/08,"Sun.","NY Rangers",1,"Boston",3,,18200
01/20/08,"Sun.","Dallas",5,"Anaheim",2,,18461
01/20/08,"Sun.","Atlanta",2,"Edmonton",4,,16683
01/20/08,"Sun.","New Jersey",3,"Toronto",2,,15291
01/20/08,"Sun.","Philadelphia",6,"Ottawa",1,,19742
01/20/08,"Sun.","Colorado",3,"Columbus",1,,17197
01/21/08,"Mon.","NY Islanders",2,"Carolina",3,"OT",16234
01/21/08,"Mon.","Phoenix",6,"Buffalo",2,,16981
01/21/08,"Mon.","Nashville",6,"St. Louis",3,,13642
01/21/08,"Mon.","Pittsburgh",5,"Washington",6,"SO",17050
01/21/08,"Mon.","Vancouver",2,"Minnesota",4,,18630
01/22/08,"Tue.","NY Rangers",4,"Atlanta",0,,18200
01/22/08,"Tue.","Philadelphia",3,"New Jersey",7,,19677
01/22/08,"Tue.","Carolina",3,"NY Islanders",6,,15675
01/22/08,"Tue.","Montreal",8,"Boston",2,,21273
01/22/08,"Tue.","Tampa Bay",4,"Edmonton",3,,16799
01/22/08,"Tue.","Florida",5,"Ottawa",3,,12794
01/22/08,"Tue.","Dallas",2,"Columbus",4,,17087
01/22/08,"Tue.","Colorado",0,"Nashville",4,,15235
01/22/08,"Tue.","Calgary",2,"Minnesota",1,,19289
01/22/08,"Tue.","Los Angeles",0,"Detroit",3,,18118
01/22/08,"Tue.","San Jose",3,"Chicago",2,,17136
01/23/08,"Wed.","Toronto",3,"Washington",2,,19479
01/23/08,"Wed.","Vancouver",3,"St. Louis",2,"SO",18630
01/23/08,"Wed.","Anaheim",1,"Detroit",2,,17174
01/24/08,"Thu.","Boston",4,"NY Islanders",1,,13461
01/24/08,"Thu.","New Jersey",3,"Montreal",4,,14257
01/24/08,"Thu.","NY Rangers",2,"Atlanta",1,"SO",18200
01/24/08,"Thu.","Philadelphia",4,"Pittsburgh",3,,19807
01/24/08,"Thu.","Washington",2,"Toronto",1,,14094
01/24/08,"Thu.","Tampa Bay",4,"Ottawa",8,,16346
01/24/08,"Thu.","Florida",3,"Edmonton",4,"SO",12322
01/24/08,"Thu.","Chicago",0,"Columbus",1,,16094
01/24/08,"Thu.","Dallas",1,"Buffalo",2,,18532
01/24/08,"Thu.","Colorado",2,"Minnesota",3,,15321
01/24/08,"Thu.","Phoenix",4,"Nashville",3,"OT",12622
01/24/08,"Thu.","Los Angeles",3,"Anaheim",1,,18118
01/24/08,"Thu.","San Jose",4,"St. Louis",1,,17142
01/29/08,"Tue.","Boston",3,"Nashville",1,,14150
01/29/08,"Tue.","New Jersey",2,"Pittsburgh",4,,13595
01/29/08,"Tue.","NY Islanders",2,"Ottawa",5,,9546
01/29/08,"Tue.","Philadelphia",3,"Los Angeles",2,"OT",19127
01/29/08,"Tue.","Carolina",3,"NY Rangers",1,,17793
01/29/08,"Tue.","Columbus",2,"Phoenix",4,,15127
01/29/08,"Tue.","Toronto",2,"St. Louis",3,,19363
01/29/08,"Tue.","Montreal",4,"Washington",0,,21273
01/29/08,"Tue.","Tampa Bay",2,"Buffalo",4,,18920
01/29/08,"Tue.","Edmonton",0,"San Jose",3,,16839
01/29/08,"Tue.","Vancouver",3,"Dallas",4,,18630
01/30/08,"Wed.","Atlanta",4,"Pittsburgh",1,,14070
01/30/08,"Wed.","Florida",0,"Buffalo",1,,14024
01/30/08,"Wed.","Detroit",3,"Phoenix",2,,17591
01/30/08,"Wed.","Minnesota",5,"Anaheim",1,,18568
01/30/08,"Wed.","Colorado",6,"Chicago",3,,15348
01/30/08,"Wed.","Calgary",5,"San Jose",4,,19289
01/31/08,"Thu.","NY Islanders",1,"Los Angeles",3,,10148
01/31/08,"Thu.","Philadelphia",0,"NY Rangers",4,,19670
01/31/08,"Thu.","Washington",5,"Montreal",4,"OT",14930
01/31/08,"Thu.","Carolina",3,"Toronto",2,"OT",15159
01/31/08,"Thu.","Ottawa",1,"Boston",4,,19959
01/31/08,"Thu.","Tampa Bay",4,"Vancouver",3,,17019
01/31/08,"Thu.","Nashville",4,"Columbus",2,,13745
02/01/08,"Fri.","New Jersey",1,"NY Rangers",3,,17625
02/01/08,"Fri.","Atlanta",5,"Buffalo",4,"SO",17064
02/01/08,"Fri.","Florida",4,"Vancouver",3,"SO",17523
02/01/08,"Fri.","Detroit",2,"Colorado",0,,20066
02/01/08,"Fri.","St. Louis",1,"Anaheim",0,"SO",19150
02/01/08,"Fri.","Edmonton",1,"Dallas",4,,16839
02/02/08,"Sat.","Montreal",4,"NY Islanders",1,,21273
02/02/08,"Sat.","Boston",1,"Detroit",3,,17565
02/02/08,"Sat.","Toronto",4,"Ottawa",2,,19543
02/02/08,"Sat.","New Jersey",6,"Los Angeles",3,,15279
02/02/08,"Sat.","Philadelphia",3,"Anaheim",0,,19822
02/02/08,"Sat.","Washington",0,"Atlanta",2,,17205
02/02/08,"Sat.","Columbus",1,"Minnesota",4,,18529
02/02/08,"Sat.","Pittsburgh",4,"Carolina",1,,17058
02/02/08,"Sat.","Tampa Bay",2,"Florida",3,,19977
02/02/08,"Sat.","Nashville",3,"Phoenix",2,"OT",17113
02/02/08,"Sat.","St. Louis",4,"Colorado",6,,19150
02/02/08,"Sat.","Calgary",1,"Dallas",2,,19289
02/02/08,"Sat.","San Jose",3,"Chicago",2,"SO",17496
02/03/08,"Sun.","Montreal",3,"NY Rangers",5,,21273
02/04/08,"Mon.","New Jersey",4,"Pittsburgh",3,"OT",13012
02/04/08,"Mon.","Colorado",3,"Phoenix",4,"OT",14381
02/04/08,"Mon.","Edmonton",5,"Calgary",0,,16839
02/05/08,"Tue.","Boston",2,"Buffalo",4,,13427
02/05/08,"Tue.","NY Islanders",0,"Anaheim",3,,9649
02/05/08,"Tue.","NY Rangers",2,"Los Angeles",4,,18200
02/05/08,"Tue.","Atlanta",2,"Philadelphia",3,,15082
02/05/08,"Tue.","Columbus",3,"Washington",4,"OT",14450
02/05/08,"Tue.","Toronto",0,"Florida",8,,19430
02/05/08,"Tue.","Montreal",4,"Ottawa",3,,21273
02/05/08,"Tue.","Nashville",1,"Carolina",0,,13949
02/05/08,"Tue.","Minnesota",2,"Detroit",3,"OT",18568
02/05/08,"Tue.","St. Louis",4,"Tampa Bay",5,,17150
02/05/08,"Tue.","Dallas",3,"Vancouver",2,"SO",17642
02/05/08,"Tue.","Calgary",4,"Phoenix",3,"SO",19289
02/06/08,"Wed.","Buffalo",3,"New Jersey",2,"SO",18690
02/06/08,"Wed.","Philadelphia",3,"Washington",4,,19778
02/06/08,"Wed.","Edmonton",4,"Chicago",1,,16839
02/06/08,"Wed.","San Jose",1,"Colorado",3,,17087
02/07/08,"Thu.","NY Rangers",1,"Anaheim",4,,18200
02/07/08,"Thu.","Atlanta",1,"Vancouver",2,,16813
02/07/08,"Thu.","Montreal",2,"Toronto",4,,21273
02/07/08,"Thu.","Ottawa",5,"Florida",4,,19435
02/07/08,"Thu.","Pittsburgh",4,"NY Islanders",3,,17075
02/07/08,"Thu.","Detroit",3,"Los Angeles",5,,18852
02/07/08,"Thu.","Nashville",1,"Tampa Bay",2,"OT",13959
02/07/08,"Thu.","Minnesota",0,"Dallas",1,,18568
02/07/08,"Thu.","Calgary",1,"Chicago",3,,19289
02/07/08,"Thu.","Phoenix",1,"Columbus",2,,13918
02/08/08,"Fri.","New Jersey",1,"Anaheim",2,,15332
02/08/08,"Fri.","Washington",1,"Carolina",2,,18204
02/08/08,"Fri.","Buffalo",2,"Boston",3,"SO",18690
02/08/08,"Fri.","San Jose",2,"Columbus",1,"OT",17210
02/09/08,"Sat.","Philadelphia",0,"NY Rangers",2,,19862
02/09/08,"Sat.","Pittsburgh",4,"Los Angeles",2,,17034
02/09/08,"Sat.","Toronto",3,"Detroit",2,"OT",19510
02/09/08,"Sat.","Minnesota",4,"NY Islanders",3,"OT",18568
02/09/08,"Sat.","Boston",3,"Florida",6,,16893
02/09/08,"Sat.","Ottawa",6,"Montreal",1,,20292
02/09/08,"Sat.","New Jersey",6,"Carolina",1,,16257
02/09/08,"Sat.","Atlanta",2,"Tampa Bay",1,"OT",18879
02/09/08,"Sat.","Calgary",4,"Edmonton",1,,19289
02/09/08,"Sat.","Dallas",6,"St. Louis",2,,18584
02/09/08,"Sat.","Vancouver",2,"Colorado",6,,18630
02/09/08,"Sat.","San Jose",4,"Nashville",3,,17496
02/10/08,"Sun.","Pittsburgh",4,"Philadelphia",3,,17132
02/10/08,"Sun.","Washington",3,"NY Rangers",2,"OT",17873
02/10/08,"Sun.","Detroit",2,"Anaheim",3,,20066
02/10/08,"Sun.","Columbus",2,"Los Angeles",3,"SO",15823
02/10/08,"Sun.","St. Louis",1,"Minnesota",2,"SO",16477
02/10/08,"Sun.","Buffalo",5,"Florida",3,,18690
02/10/08,"Sun.","Phoenix",3,"Nashville",6,,14593
02/10/08,"Sun.","Vancouver",3,"Chicago",2,"SO",18630
02/11/08,"Mon.","Dallas",2,"Phoenix",1,,17622
02/12/08,"Tue.","Boston",2,"Carolina",3,,15300
02/12/08,"Tue.","NY Islanders",4,"Philadelphia",3,,11193
02/12/08,"Tue.","Ottawa",1,"Buffalo",5,,19564
02/12/08,"Tue.","Tampa Bay",3,"Montreal",2,,17420
02/12/08,"Tue.","Nashville",4,"Detroit",2,,15692
02/12/08,"Tue.","St. Louis",4,"Los Angeles",2,,15688
02/12/08,"Tue.","Colorado",1,"Anaheim",2,,16257
02/12/08,"Tue.","Edmonton",4,"Minnesota",2,,16839
02/12/08,"Tue.","San Jose",3,"Calgary",4,"OT",17269
02/13/08,"Wed.","Buffalo",1,"Toronto",0,,18690
02/13/08,"Wed.","New Jersey",3,"Ottawa",2,"OT",12339
02/13/08,"Wed.","Atlanta",3,"Washington",2,"SO",15285
02/13/08,"Wed.","Columbus",2,"Chicago",7,,14918
02/13/08,"Wed.","Pittsburgh",1,"Boston",2,,16982
02/13/08,"Wed.","Florida",1,"Montreal",2,"OT",17100
02/14/08,"Thu.","Philadelphia",3,"Tampa Bay",5,,19336
02/14/08,"Thu.","Carolina",4,"Pittsburgh",2,,14922
02/14/08,"Thu.","Toronto",4,"NY Islanders",5,,19227
02/14/08,"Thu.","Nashville",1,"Chicago",6,,16937
02/14/08,"Thu.","Colorado",1,"St. Louis",4,,17131
02/14/08,"Thu.","Phoenix",5,"Dallas",2,,12885
02/14/08,"Thu.","Vancouver",4,"Minnesota",5,"SO",18630
02/14/08,"Thu.","San Jose",2,"Edmonton",3,,17496
02/15/08,"Fri.","New Jersey",3,"Atlanta",4,"SO",14475
02/15/08,"Fri.","Florida",4,"Washington",2,,16202
02/15/08,"Fri.","Detroit",1,"Columbus",5,,20066
02/15/08,"Fri.","Anaheim",2,"Dallas",4,,17323
02/15/08,"Fri.","Los Angeles",6,"Calgary",3,,18118
02/16/08,"Sat.","NY Rangers",5,"Buffalo",1,,18200
02/16/08,"Sat.","Toronto",4,"Boston",3,"OT",19481
02/16/08,"Sat.","Montreal",1,"Philadelphia",0,,21273
02/16/08,"Sat.","Ottawa",2,"New Jersey",3,,20201
02/16/08,"Sat.","NY Islanders",4,"Atlanta",1,,16234
02/16/08,"Sat.","Carolina",5,"Florida",4,,17737
02/16/08,"Sat.","Tampa Bay",2,"Washington",3,,20454
02/16/08,"Sat.","Nashville",2,"St. Louis",1,"OT",17113
02/16/08,"Sat.","Phoenix",4,"Los Angeles",3,,17997
02/16/08,"Sat.","Vancouver",4,"Edmonton",2,,18630
02/17/08,"Sun.","Buffalo",1,"Pittsburgh",4,,18690
02/17/08,"Sun.","NY Rangers",3,"San Jose",1,,18200
02/17/08,"Sun.","Chicago",2,"Colorado",1,,21715
02/17/08,"Sun.","Dallas",1,"Detroit",0,,18584
02/17/08,"Sun.","St. Louis",5,"Columbus",1,,19150
02/17/08,"Sun.","Philadelphia",3,"Montreal",5,,19611
02/17/08,"Sun.","Minnesota",5,"Nashville",4,"OT",18568
02/17/08,"Sun.","Anaheim",4,"Calgary",2,,17174
02/18/08,"Mon.","New Jersey",5,"Carolina",1,,16182
02/18/08,"Mon.","NY Islanders",3,"San Jose",2,,16234
02/18/08,"Mon.","Colorado",0,"Detroit",4,,18007
02/18/08,"Mon.","Los Angeles",0,"Phoenix",4,,16617
02/19/08,"Tue.","Carolina",2,"Boston",3,"SO",17552
02/19/08,"Tue.","Toronto",3,"Columbus",1,,19347
02/19/08,"Tue.","Montreal",6,"NY Rangers",5,"SO",21273
02/19/08,"Tue.","Ottawa",3,"Philadelphia",2,"SO",19729
02/19/08,"Tue.","Pittsburgh",3,"Florida",2,,17075
02/19/08,"Tue.","Nashville",5,"Edmonton",4,,13466
02/19/08,"Tue.","Minnesota",2,"Vancouver",3,"OT",18568
02/19/08,"Tue.","St. Louis",5,"Chicago",1,,19150
02/19/08,"Tue.","Phoenix",1,"Calgary",4,,15208
02/20/08,"Wed.","Buffalo",4,"Tampa Bay",3,"OT",18690
02/20/08,"Wed.","New Jersey",3,"San Jose",2,,13855
02/20/08,"Wed.","Washington",2,"NY Islanders",3,"SO",17584
02/20/08,"Wed.","Chicago",3,"Minnesota",0,,17812
02/20/08,"Wed.","Dallas",2,"Calgary",3,,18584
02/20/08,"Wed.","Anaheim",3,"Colorado",2,"SO",17174
02/21/08,"Thu.","NY Islanders",1,"Tampa Bay",0,,12382
02/21/08,"Thu.","Philadelphia",1,"San Jose",3,,19487
02/21/08,"Thu.","Carolina",5,"Atlanta",3,,13548
02/21/08,"Thu.","Toronto",1,"Buffalo",5,,19467
02/21/08,"Thu.","Montreal",4,"Pittsburgh",5,,21273
02/21/08,"Thu.","Ottawa",2,"Columbus",3,"SO",19612
02/21/08,"Thu.","Florida",4,"Boston",5,"SO",14992
02/21/08,"Thu.","Nashville",2,"Vancouver",3,"SO",17113
02/21/08,"Thu.","Los Angeles",5,"St. Louis",1,,14132
02/22/08,"Fri.","Dallas",5,"Edmonton",2,,18564
02/22/08,"Fri.","Calgary",1,"Detroit",0,,19289
02/22/08,"Fri.","Phoenix",2,"Colorado",3,"SO",15882
02/22/08,"Fri.","Anaheim",2,"St. Louis",1,"OT",17174
02/23/08,"Sat.","New Jersey",4,"NY Islanders",2,,17625
02/23/08,"Sat.","Pittsburgh",3,"Ottawa",4,"OT",17132
02/23/08,"Sat.","Los Angeles",5,"Chicago",6,"OT",18118
02/23/08,"Sat.","Carolina",6,"Washington",3,,18680
02/23/08,"Sat.","Buffalo",3,"NY Rangers",4,,18690
02/23/08,"Sat.","Toronto",3,"Atlanta",1,,19390
02/23/08,"Sat.","Montreal",0,"Columbus",3,,21273
02/23/08,"Sat.","Philadelphia",1,"Florida",2,"OT",19629
02/23/08,"Sat.","Tampa Bay",3,"Boston",5,,20519
02/23/08,"Sat.","Nashville",3,"Dallas",6,,17113
02/23/08,"Sat.","Vancouver",4,"Detroit",1,,18630
02/24/08,"Sun.","Minnesota",1,"Calgary",2,,18568
02/24/08,"Sun.","Pittsburgh",1,"San Jose",2,"SO",17132
02/24/08,"Sun.","Washington",1,"New Jersey",2,"OT",18277
02/24/08,"Sun.","NY Rangers",5,"Florida",0,,18200
02/24/08,"Sun.","Edmonton",3,"Colorado",2,,16839
02/24/08,"Sun.","Phoenix",2,"St. Louis",0,,14845
02/24/08,"Sun.","Anaheim",6,"Chicago",3,,17174
02/25/08,"Mon.","Buffalo",3,"Philadelphia",4,"SO",18690
02/25/08,"Mon.","Ottawa",0,"Toronto",5,,19861
02/26/08,"Tue.","Boston",4,"Ottawa",0,,13451
02/26/08,"Tue.","NY Islanders",2,"Pittsburgh",4,,11258
02/26/08,"Tue.","Washington",4,"Minnesota",1,,17391
02/26/08,"Tue.","Carolina",2,"New Jersey",1,"OT",15466
02/26/08,"Tue.","Montreal",5,"Atlanta",1,,21273
02/26/08,"Tue.","St. Louis",1,"Dallas",3,,19150
02/26/08,"Tue.","Calgary",2,"Colorado",3,"OT",19289
02/26/08,"Tue.","Edmonton",4,"Detroit",3,"SO",16839
02/27/08,"Wed.","Buffalo",8,"Nashville",4,,18690
02/27/08,"Wed.","Columbus",2,"San Jose",4,,16029
02/27/08,"Wed.","Tampa Bay",2,"Minnesota",3,,17211
02/27/08,"Wed.","Florida",3,"Toronto",4,"SO",14557
02/27/08,"Wed.","Chicago",1,"Phoenix",0,,14799
02/27/08,"Wed.","Vancouver",2,"Colorado",3,"SO",18630
02/28/08,"Thu.","Boston",5,"Pittsburgh",1,,17565
02/28/08,"Thu.","Philadelphia",3,"Ottawa",1,,19567
02/28/08,"Thu.","Carolina",2,"NY Rangers",4,,16041
02/28/08,"Thu.","Atlanta",4,"NY Islanders",5,"OT",16332
02/28/08,"Thu.","St. Louis",1,"Phoenix",2,,17867
02/28/08,"Thu.","Dallas",7,"Chicago",4,,18584
02/28/08,"Thu.","Edmonton",5,"Los Angeles",4,,16839
02/29/08,"Fri.","New Jersey",0,"Washington",4,,16580
02/29/08,"Fri.","Buffalo",2,"Montreal",6,,18690
02/29/08,"Fri.","Florida",2,"Minnesota",3,,16927
02/29/08,"Fri.","Detroit",2,"San Jose",3,,20066
02/29/08,"Fri.","Tampa Bay",3,"Toronto",2,"OT",20641
02/29/08,"Fri.","Vancouver",2,"Columbus",3,"OT",18630
02/29/08,"Fri.","Anaheim",3,"Calgary",1,,17174
03/01/08,"Sat.","Boston",3,"Atlanta",2,"SO",17565
03/01/08,"Sat.","NY Islanders",1,"Philadelphia",4,,15136
03/01/08,"Sat.","Ottawa",5,"Pittsburgh",4,,20153
03/01/08,"Sat.","Montreal",2,"New Jersey",1,,21273
03/01/08,"Sat.","Washington",2,"Toronto",3,,18277
03/01/08,"Sat.","Carolina",5,"Tampa Bay",1,,16831
03/01/08,"Sat.","Dallas",1,"Nashville",3,,18584
03/01/08,"Sat.","St. Louis",0,"San Jose",2,,19150
03/01/08,"Sat.","Colorado",5,"Los Angeles",2,,18007
03/01/08,"Sat.","Phoenix",1,"Calgary",3,,17529
03/02/08,"Sun.","Buffalo",2,"Detroit",4,,18690
03/02/08,"Sun.","NY Islanders",0,"Florida",1,,15314
03/02/08,"Sun.","NY Rangers",5,"Philadelphia",4,"SO",18200
03/02/08,"Sun.","Pittsburgh",3,"Atlanta",2,"SO",17132
03/02/08,"Sun.","Chicago",4,"Vancouver",1,,19670
03/02/08,"Sun.","Minnesota",2,"Los Angeles",1,"OT",18568
03/02/08,"Sun.","Edmonton",4,"Columbus",3,"SO",16839
03/03/08,"Mon.","Washington",10,"Boston",2,,17189
03/03/08,"Mon.","Anaheim",3,"Ottawa",1,,17174
03/03/08,"Mon.","San Jose",6,"Montreal",4,,17496
03/04/08,"Tue.","Boston",0,"Florida",1,"OT",14473
03/04/08,"Tue.","NY Rangers",3,"NY Islanders",4,"SO",18200
03/04/08,"Tue.","Philadelphia",2,"Buffalo",5,,19516
03/04/08,"Tue.","Toronto",1,"New Jersey",4,,19507
03/04/08,"Tue.","Tampa Bay",0,"Pittsburgh",2,,19206
03/04/08,"Tue.","Minnesota",2,"Chicago",4,,18568
03/04/08,"Tue.","St. Louis",3,"Los Angeles",2,,14973
03/04/08,"Tue.","Colorado",2,"Vancouver",1,,17621
03/04/08,"Tue.","Calgary",1,"Columbus",0,,19289
03/04/08,"Tue.","Edmonton",1,"Nashville",5,,16839
03/05/08,"Wed.","Buffalo",1,"Washington",3,,18690
03/05/08,"Wed.","Atlanta",3,"Carolina",6,,13032
03/05/08,"Wed.","Detroit",4,"St. Louis",1,,18064
03/05/08,"Wed.","Chicago",3,"Anaheim",0,,16666
03/05/08,"Wed.","Dallas",1,"Phoenix",2,,17942
03/05/08,"Wed.","San Jose",3,"Ottawa",2,"OT",17496
03/06/08,"Thu.","Boston",2,"Toronto",8,,15483
03/06/08,"Thu.","NY Islanders",1,"NY Rangers",4,,16234
03/06/08,"Thu.","Philadelphia",3,"Tampa Bay",2,,19217
03/06/08,"Thu.","Carolina",3,"Minnesota",2,,16297
03/06/08,"Thu.","Florida",5,"Pittsburgh",2,,17012
03/06/08,"Thu.","Colorado",1,"Anaheim",0,,18007
03/06/08,"Thu.","Phoenix",2,"Montreal",4,,14841
03/06/08,"Thu.","Vancouver",6,"Nashville",2,,18630
03/06/08,"Thu.","Los Angeles",2,"Ottawa",0,,17580
03/07/08,"Fri.","New Jersey",2,"Tampa Bay",1,"OT",15670
03/07/08,"Fri.","Columbus",1,"Edmonton",2,"OT",14933
03/07/08,"Fri.","Atlanta",3,"Minnesota",2,"SO",18709
03/07/08,"Fri.","Chicago",2,"San Jose",3,,21908
03/07/08,"Fri.","Calgary",1,"Nashville",2,"OT",19289
03/08/08,"Sat.","Boston",2,"Washington",1,,17565
03/08/08,"Sat.","Los Angeles",2,"Montreal",5,,18118
03/08/08,"Sat.","Toronto",1,"New Jersey",2,,19469
03/08/08,"Sat.","Philadelphia",4,"NY Islanders",1,,19748
03/08/08,"Sat.","Carolina",4,"Buffalo",3,"OT",18808
03/08/08,"Sat.","Florida",3,"Atlanta",2,"OT",16614
03/08/08,"Sat.","Colorado",3,"Dallas",1,,18007
03/08/08,"Sat.","Phoenix",2,"Ottawa",4,,16922
03/08/08,"Sat.","Vancouver",4,"St. Louis",2,,18630
03/09/08,"Sun.","NY Rangers",1,"Boston",0,"SO",18200
03/09/08,"Sun.","Washington",2,"Pittsburgh",4,,18277
03/09/08,"Sun.","Detroit",4,"Nashville",3,,20066
03/09/08,"Sun.","Columbus",5,"Tampa Bay",3,,14796
03/09/08,"Sun.","Chicago",5,"Edmonton",6,"OT",20619
03/09/08,"Sun.","Minnesota",2,"San Jose",3,"SO",18568
03/09/08,"Sun.","Dallas",3,"Colorado",0,,18532
03/09/08,"Sun.","Anaheim",3,"Montreal",1,,17174
03/10/08,"Mon.","Buffalo",2,"NY Rangers",3,"SO",18690
03/10/08,"Mon.","Calgary",7,"St. Louis",3,,19289
03/10/08,"Mon.","Los Angeles",1,"Vancouver",2,"OT",14653
03/11/08,"Tue.","Atlanta",2,"Colorado",5,,14089
03/11/08,"Tue.","Toronto",4,"Philadelphia",3,"OT",19507
03/11/08,"Tue.","Montreal",4,"New Jersey",0,,21273
03/11/08,"Tue.","Ottawa",4,"Boston",1,,20143
03/11/08,"Tue.","Tampa Bay",8,"NY Islanders",4,,19111
03/11/08,"Tue.","Detroit",3,"Chicago",1,,18632
03/11/08,"Tue.","Nashville",1,"San Jose",2,,14965
03/11/08,"Tue.","Edmonton",4,"St. Louis",3,"OT",16839
03/11/08,"Tue.","Phoenix",3,"Anaheim",2,"SO",14683
03/12/08,"Wed.","Philadelphia",2,"Toronto",3,,19642
03/12/08,"Wed.","Washington",3,"Calgary",2,,17560
03/12/08,"Wed.","Pittsburgh",7,"Buffalo",3,,17132
03/12/08,"Wed.","Florida",4,"NY Islanders",2,,15233
03/12/08,"Wed.","Chicago",0,"Carolina",3,,18210
03/12/08,"Wed.","Anaheim",4,"Vancouver",1,,17174
03/13/08,"Thu.","Boston",1,"Tampa Bay",3,,13373
03/13/08,"Thu.","Atlanta",6,"Calgary",4,,16244
03/13/08,"Thu.","Montreal",0,"Ottawa",3,,21273
03/13/08,"Thu.","Detroit",5,"Dallas",3,,19453
03/13/08,"Thu.","Nashville",1,"Los Angeles",4,,15853
03/13/08,"Thu.","Minnesota",3,"New Jersey",4,"SO",18568
03/13/08,"Thu.","Colorado",5,"Edmonton",1,,18007
03/13/08,"Thu.","Phoenix",2,"Vancouver",0,,15562
03/14/08,"Fri.","Washington",4,"Atlanta",1,,18208
03/14/08,"Fri.","Columbus",3,"Chicago",6,,15699
03/14/08,"Fri.","Buffalo",7,"Carolina",1,,18690
03/14/08,"Fri.","Florida",3,"NY Rangers",2,,19321
03/14/08,"Fri.","San Jose",4,"St. Louis",1,,17496
03/15/08,"Sat.","Boston",3,"Philadelphia",2,"OT",17565
03/15/08,"Sat.","Detroit",1,"Nashville",3,,20066
03/15/08,"Sat.","Colorado",2,"New Jersey",4,,18007
03/15/08,"Sat.","Toronto",2,"Buffalo",6,,19462
03/15/08,"Sat.","Montreal",3,"NY Islanders",0,,21273
03/15/08,"Sat.","Tampa Bay",3,"NY Rangers",0,,20926
03/15/08,"Sat.","Minnesota",2,"Los Angeles",0,,18568
03/15/08,"Sat.","Dallas",3,"Vancouver",4,,18584
03/15/08,"Sat.","Phoenix",2,"Edmonton",5,,17947
03/15/08,"Sat.","Anaheim",5,"St. Louis",2,,17174
03/16/08,"Sun.","Pittsburgh",7,"Philadelphia",1,,17132
03/16/08,"Sun.","Washington",2,"Boston",1,"SO",18277
03/16/08,"Sun.","Carolina",5,"Ottawa",1,,18680
03/16/08,"Sun.","Columbus",4,"Detroit",3,,18188
03/16/08,"Sun.","Chicago",2,"Calgary",4,,20717
03/16/08,"Sun.","Florida",3,"Atlanta",1,,15704
03/16/08,"Sun.","San Jose",1,"Edmonton",2,"SO",17496
03/17/08,"Mon.","Minnesota",3,"Colorado",1,,18568
03/17/08,"Mon.","Vancouver",3,"Phoenix",1,,18630
03/18/08,"Tue.","NY Islanders",1,"Toronto",3,,13134
03/18/08,"Tue.","NY Rangers",5,"Pittsburgh",2,,18200
03/18/08,"Tue.","Philadelphia",3,"Atlanta",2,,19564
03/18/08,"Tue.","Columbus",3,"Calgary",0,,14270
03/18/08,"Tue.","Montreal",3,"St. Louis",4,"SO",21273
03/18/08,"Tue.","Nashville",2,"Washington",4,,17113
03/18/08,"Tue.","Edmonton",8,"Phoenix",4,,16839
03/18/08,"Tue.","Los Angeles",1,"San Jose",2,,16784
03/19/08,"Wed.","Buffalo",7,"Tampa Bay",4,,18690
03/19/08,"Wed.","New Jersey",1,"NY Rangers",2,"SO",17625
03/19/08,"Wed.","Atlanta",3,"Carolina",5,,13521
03/19/08,"Wed.","Detroit",3,"Columbus",1,,19061
03/19/08,"Wed.","Chicago",5,"Washington",0,,20942
03/19/08,"Wed.","Dallas",1,"Anaheim",2,,18584
03/19/08,"Wed.","San Jose",4,"Minnesota",3,"SO",17496
03/20/08,"Thu.","Boston",2,"Montreal",4,,17565
03/20/08,"Thu.","Ottawa",3,"St. Louis",2,,20027
03/20/08,"Thu.","Pittsburgh",4,"Tampa Bay",2,,17044
03/20/08,"Thu.","Florida",1,"Carolina",2,"SO",18546
03/20/08,"Thu.","Nashville",3,"Detroit",6,,17113
03/20/08,"Thu.","Calgary",2,"Colorado",1,,19289
03/20/08,"Thu.","Edmonton",1,"Vancouver",4,,16839
03/20/08,"Thu.","Phoenix",5,"Los Angeles",6,"SO",14852
03/21/08,"Fri.","New Jersey",1,"NY Islanders",3,,17075
03/21/08,"Fri.","Philadelphia",4,"NY Rangers",3,"SO",19819
03/21/08,"Fri.","Buffalo",1,"Toronto",4,,18690
03/21/08,"Fri.","Atlanta",3,"Washington",5,,18562
03/21/08,"Fri.","Vancouver",1,"Minnesota",2,,18630
03/21/08,"Fri.","San Jose",2,"Anaheim",1,,17496
03/22/08,"Sat.","Nashville",2,"Chicago",1,"SO",17113
03/22/08,"Sat.","Dallas",2,"Los Angeles",4,,18532
03/22/08,"Sat.","Edmonton",7,"Colorado",5,,16839
03/22/08,"Sat.","Montreal",3,"Boston",2,"SO",21273
03/22/08,"Sat.","Ottawa",4,"Toronto",5,,20183
03/22/08,"Sat.","Florida",4,"Tampa Bay",2,,18502
03/22/08,"Sat.","Columbus",1,"Detroit",4,,17681
03/22/08,"Sat.","Pittsburgh",7,"New Jersey",1,,17132
03/22/08,"Sat.","Calgary",5,"Minnesota",4,,19289
03/22/08,"Sat.","Phoenix",1,"Anaheim",2,,17645
03/23/08,"Sun.","Chicago",4,"St. Louis",3,"OT",19146
03/23/08,"Sun.","Philadelphia",4,"NY Islanders",1,,19136
03/24/08,"Mon.","NY Islanders",4,"Pittsburgh",1,,16234
03/24/08,"Mon.","Montreal",7,"Ottawa",5,,21273
03/24/08,"Mon.","Colorado",2,"Calgary",0,,18007
03/24/08,"Mon.","Edmonton",5,"Minnesota",3,,16839
03/25/08,"Tue.","Buffalo",3,"Ottawa",6,,18690
03/25/08,"Tue.","New Jersey",0,"Pittsburgh",2,,16292
03/25/08,"Tue.","NY Rangers",1,"Philadelphia",2,"OT",18200
03/25/08,"Tue.","Carolina",2,"Washington",3,"SO",18680
03/25/08,"Tue.","Toronto",2,"Boston",6,,19562
03/25/08,"Tue.","Tampa Bay",3,"Florida",1,,16110
03/25/08,"Tue.","Nashville",3,"Columbus",0,,16330
03/25/08,"Tue.","St. Louis",1,"Detroit",2,,19150
03/25/08,"Tue.","Calgary",3,"Vancouver",2,,19289
03/25/08,"Tue.","Phoenix",5,"San Jose",4,"OT",15991
03/26/08,"Wed.","Columbus",4,"Chicago",0,,14454
03/26/08,"Wed.","Minnesota",3,"Edmonton",1,,18568
03/26/08,"Wed.","Colorado",6,"Vancouver",3,,17728
03/26/08,"Wed.","Anaheim",2,"Los Angeles",1,"SO",17331
03/27/08,"Thu.","Boston",4,"Toronto",2,,16659
03/27/08,"Thu.","NY Rangers",3,"New Jersey",2,,18200
03/27/08,"Thu.","Ottawa",3,"Buffalo",4,"SO",19883
03/27/08,"Thu.","Pittsburgh",3,"NY Islanders",1,,17025
03/27/08,"Thu.","Tampa Bay",3,"Washington",4,"OT",17777
03/27/08,"Thu.","Florida",2,"Atlanta",3,,17301
03/27/08,"Thu.","Los Angeles",4,"Phoenix",0,,17331
03/27/08,"Thu.","San Jose",3,"Dallas",2,"OT",17496
03/28/08,"Fri.","New Jersey",5,"Philadelphia",4,"SO",17056
03/28/08,"Fri.","Carolina",7,"Atlanta",1,,17833
03/28/08,"Fri.","Columbus",0,"Nashville",2,,15495
03/28/08,"Fri.","Buffalo",3,"Montreal",4,"OT",18690
03/28/08,"Fri.","Detroit",3,"St. Louis",4,"OT",20066
03/28/08,"Fri.","Minnesota",4,"Vancouver",0,,18568
03/28/08,"Fri.","Colorado",5,"Edmonton",4,"SO",17846
03/28/08,"Fri.","Anaheim",1,"San Jose",3,,17334
03/29/08,"Sat.","Boston",4,"Ottawa",0,,17565
03/29/08,"Sat.","Los Angeles",2,"Dallas",7,,17849
03/29/08,"Sat.","Toronto",4,"Montreal",2,,19584
03/29/08,"Sat.","NY Islanders",3,"Philadelphia",4,"SO",15223
03/29/08,"Sat.","Florida",0,"Washington",3,,17832
03/29/08,"Sat.","Tampa Bay",2,"Carolina",1,,19311
03/29/08,"Sat.","St. Louis",3,"Chicago",4,,19150
03/29/08,"Sat.","Calgary",1,"Edmonton",2,,19289
03/30/08,"Sun.","Buffalo",2,"Boston",1,"OT",18690
03/30/08,"Sun.","Pittsburgh",3,"NY Rangers",1,,17020
03/30/08,"Sun.","Detroit",1,"Nashville",0,"OT",20066
03/30/08,"Sun.","Minnesota",3,"Colorado",2,"OT",18568
03/30/08,"Sun.","Chicago",5,"Columbus",4,"SO",20885
03/30/08,"Sun.","Anaheim",3,"Dallas",2,"SO",17174
03/30/08,"Sun.","San Jose",3,"Phoenix",1,,17496
03/30/08,"Sun.","Vancouver",6,"Calgary",2,,18630
03/31/08,"Mon.","NY Rangers",2,"Pittsburgh",1,"OT",18200
03/31/08,"Mon.","Tampa Bay",0,"Atlanta",2,,17441
04/01/08,"Tue.","NY Islanders",1,"New Jersey",2,"OT",12357
04/01/08,"Tue.","Washington",4,"Carolina",1,,18277
04/01/08,"Tue.","Atlanta",2,"Florida",3,,15453
04/01/08,"Tue.","Toronto",3,"Buffalo",4,"SO",19288
04/01/08,"Tue.","Ottawa",0,"Montreal",3,,20326
04/01/08,"Tue.","St. Louis",3,"Nashville",4,"OT",17357
04/01/08,"Tue.","Edmonton",2,"Calgary",3,,16839
04/01/08,"Tue.","Vancouver",2,"Colorado",4,,18630
04/01/08,"Tue.","San Jose",5,"Los Angeles",2,,17496
04/02/08,"Wed.","New Jersey",3,"Boston",2,"SO",16144
04/02/08,"Wed.","Carolina",6,"Tampa Bay",2,,17644
04/02/08,"Wed.","Pittsburgh",4,"Philadelphia",2,,17132
04/02/08,"Wed.","Chicago",6,"Detroit",2,,21365
04/03/08,"Thu.","NY Islanders",0,"NY Rangers",3,,16234
04/03/08,"Thu.","Washington",4,"Tampa Bay",1,,18277
04/03/08,"Thu.","Toronto",2,"Ottawa",8,,19466
04/03/08,"Thu.","Montreal",3,"Buffalo",1,,21273
04/03/08,"Thu.","Detroit",3,"Columbus",2,,19435
04/03/08,"Thu.","Nashville",3,"St. Louis",2,,17113
04/03/08,"Thu.","Minnesota",3,"Calgary",1,,18568
04/03/08,"Thu.","Vancouver",1,"Edmonton",2,,18630
04/03/08,"Thu.","Phoenix",2,"Dallas",4,,18340
04/03/08,"Thu.","Los Angeles",4,"San Jose",2,,17759
04/04/08,"Fri.","NY Rangers",3,"NY Islanders",4,"SO",18200
04/04/08,"Fri.","Philadelphia",3,"New Jersey",0,,19957
04/04/08,"Fri.","Carolina",3,"Florida",4,,18680
04/04/08,"Fri.","Ottawa",1,"Boston",2,,20232
04/04/08,"Fri.","Chicago",3,"Nashville",1,,21929
04/04/08,"Fri.","Dallas",2,"Phoenix",4,,18584
04/05/08,"Sat.","St. Louis",3,"Columbus",0,,19150
04/05/08,"Sat.","Los Angeles",3,"Anaheim",4,,18118
04/05/08,"Sat.","Boston",0,"Buffalo",3,,17565
04/05/08,"Sat.","Montreal",3,"Toronto",1,,21273
04/05/08,"Sat.","Washington",3,"Florida",1,,18277
04/05/08,"Sat.","Atlanta",4,"Tampa Bay",1,,18732
04/05/08,"Sat.","Vancouver",1,"Calgary",7,,18630
04/06/08,"Sun.","New Jersey",3,"NY Rangers",2,"SO",17625
04/06/08,"Sun.","Philadelphia",2,"Pittsburgh",0,,19767
04/06/08,"Sun.","Detroit",4,"Chicago",1,,20066
04/06/08,"Sun.","Columbus",1,"St. Louis",4,,17739
04/06/08,"Sun.","Colorado",4,"Minnesota",3,"SO",18007
04/06/08,"Sun.","Dallas",4,"San Jose",2,,18532
04/06/08,"Sun.","Anaheim",3,"Phoenix",2,"SO",17269
